{"schemaVersion":"1.0","appDefinitionTemplate":{"id":"/providers/Microsoft.PowerApps/apps/","type":"Microsoft.PowerApps/apps","tags":{"primaryDeviceWidth":"1366","primaryDeviceHeight":"768","sienaVersion":"20260202T055641Z-3.26012.17.0","deviceCapabilities":"","supportsPortrait":"true","supportsLandscape":"true","primaryFormFactor":"Tablet","publisherVersion":"3.26012.17","minimumRequiredApiVersion":"2.2.0","hasComponent":"false","hasUnlockedComponent":"false","isUnifiedRootApp":"false","showStatusBar":"false"},"properties":{"appVersion":"2026-02-02T05:56:41Z","lifeCycleId":"Published","createdByClientVersion":{"major":3,"minor":26012,"build":17,"revision":0,"majorRevision":0,"minorRevision":0},"minClientVersion":{"major":3,"minor":26012,"build":17,"revision":0,"majorRevision":0,"minorRevision":0},"backgroundColor":"rgba(109, 49, 162, 1)","backgroundImageUri":"/4972862291904180529/N96cce710-4f7f-4df1-92b9-81a25ce7e672-logoSmallFile","displayName":"People Picker","description":"","commitMessage":"","appUris":{"documentUri":{"value":"/4972862291904180529/N59db586c-647b-45af-a39b-766d01e326e9-document.msapp"},"imageUris":[],"additionalUris":[{"isSolutionAware":false,"value":"/4972862291904180529/Na21901a2-ead5-492d-81ee-4960a8f17b08-identity.json"}]},"createdTime":"0001-01-01T00:00:00Z","lastModifiedTime":"0001-01-01T00:00:00Z","sharedGroupsCount":0,"sharedUsersCount":0,"connectionReferences":{},"databaseReferences":{},"almMode":"Environment","performanceOptimizationEnabled":true,"canConsumeAppPass":true,"enableModernRuntimeMode":false,"executionRestrictions":{"isTeamsOnly":false,"dataLossPreventionEvaluationResult":{"status":"Compliant","lastEvaluationDate":"2021-08-17T21:41:56.5127276Z","violations":[],"violationsByPolicy":[],"violationErrorMessage":"The app uses the following connectors: ."}}},"isAppComponentLibrary":false,"appType":"ClassicCanvasApp","appComponents":[]}}